,workload,workload,workload,workload
,std,mean,min,max
timestamp,,,,
0,0.0,0.0,0.0,0.0
1,0.0,0.0,0.0,0.0
2,0.0,0.0,0.0,0.0
3,0.0,0.0,0.0,0.0
4,0.1940832519894271,0.05057471264367817,0.0,1.0
5,0.2571268712891373,0.13544061302681992,0.0,1.0
6,0.3338456800659642,0.23600661790316962,0.0,1.0
7,0.34036111774659766,0.30976638304224513,0.0,1.0
8,0.31879063970377675,0.36835970542867086,0.0,1.0
9,0.34524729890033085,0.4416268597303081,0.0,1.0
10,0.3383638633370012,0.5253209434243917,0.1111111111111111,1.0
11,0.34352313662234685,0.565605563019356,0.1111111111111111,1.0
12,0.34352313662234685,0.565605563019356,0.1111111111111111,1.0
13,0.34352313662234685,0.565605563019356,0.1111111111111111,1.0
14,0.34352313662234685,0.565605563019356,0.1111111111111111,1.0
15,0.34352313662234685,0.565605563019356,0.1111111111111111,1.0
16,0.34352313662234685,0.565605563019356,0.1111111111111111,1.0
17,0.34352313662234685,0.565605563019356,0.1111111111111111,1.0
18,0.34352313662234685,0.565605563019356,0.1111111111111111,1.0
19,0.34352313662234685,0.565605563019356,0.1111111111111111,1.0
20,0.34352313662234685,0.565605563019356,0.1111111111111111,1.0
21,0.34352313662234685,0.565605563019356,0.1111111111111111,1.0
22,0.34352313662234685,0.565605563019356,0.1111111111111111,1.0
23,0.34352313662234685,0.565605563019356,0.1111111111111111,1.0
24,0.34352313662234685,0.565605563019356,0.1111111111111111,1.0
25,0.34352313662234685,0.565605563019356,0.1111111111111111,1.0
26,0.34352313662234685,0.565605563019356,0.1111111111111111,1.0
27,0.34352313662234685,0.565605563019356,0.1111111111111111,1.0
28,0.34352313662234685,0.565605563019356,0.1111111111111111,1.0
29,0.34352313662234685,0.565605563019356,0.1111111111111111,1.0
30,0.34352313662234685,0.565605563019356,0.1111111111111111,1.0
31,0.34352313662234685,0.565605563019356,0.1111111111111111,1.0
32,0.34352313662234685,0.565605563019356,0.1111111111111111,1.0
33,0.34352313662234685,0.565605563019356,0.1111111111111111,1.0
34,0.3447945846872043,0.5641687814101608,0.1111111111111111,1.0
35,0.3447945846872043,0.5641687814101608,0.1111111111111111,1.0
36,0.3447945846872043,0.5641687814101608,0.1111111111111111,1.0
37,0.3447945846872043,0.5641687814101608,0.1111111111111111,1.0
38,0.3447945846872043,0.5641687814101608,0.1111111111111111,1.0
39,0.3447945846872043,0.5641687814101608,0.1111111111111111,1.0
40,0.3447945846872043,0.5641687814101608,0.1111111111111111,1.0
41,0.3447945846872043,0.5641687814101608,0.1111111111111111,1.0
42,0.3447945846872043,0.5641687814101608,0.1111111111111111,1.0
43,0.3447945846872043,0.5641687814101608,0.1111111111111111,1.0
44,0.3447945846872043,0.5641687814101608,0.1111111111111111,1.0
45,0.3447945846872043,0.5641687814101608,0.1111111111111111,1.0
46,0.3447945846872043,0.5641687814101608,0.1111111111111111,1.0
47,0.34784022409930226,0.5612952181917699,0.1111111111111111,1.0
48,0.34784022409930226,0.5612952181917699,0.1111111111111111,1.0
49,0.34784022409930226,0.5612952181917699,0.1111111111111111,1.0
50,0.34784022409930226,0.5612952181917699,0.1111111111111111,1.0
51,0.34784022409930226,0.5612952181917699,0.1111111111111111,1.0
52,0.34165479644470914,0.5555480917549883,0.1111111111111111,1.0
53,0.34784022409930226,0.5612952181917699,0.1111111111111111,1.0
54,0.34784022409930226,0.5612952181917699,0.1111111111111111,1.0
55,0.3472824125983904,0.5584216549733791,0.1111111111111111,1.0
56,0.3472824125983904,0.5584216549733791,0.1111111111111111,1.0
57,0.3472824125983904,0.5584216549733791,0.1111111111111111,1.0
58,0.3472824125983904,0.5584216549733791,0.1111111111111111,1.0
59,0.3472824125983904,0.5584216549733791,0.1111111111111111,1.0
60,0.3472824125983904,0.5584216549733791,0.1111111111111111,1.0
61,0.3472824125983904,0.5584216549733791,0.1111111111111111,1.0
62,0.3472824125983904,0.5584216549733791,0.1111111111111111,1.0
63,0.3472824125983904,0.5584216549733791,0.1111111111111111,1.0
64,0.3472824125983904,0.5584216549733791,0.1111111111111111,1.0
65,0.3472824125983904,0.5584216549733791,0.1111111111111111,1.0
66,0.3472824125983904,0.5584216549733791,0.1111111111111111,1.0
67,0.3472824125983904,0.5584216549733791,0.1111111111111111,1.0
68,0.3472824125983904,0.5584216549733791,0.1111111111111111,1.0
69,0.3472824125983904,0.5584216549733791,0.1111111111111111,1.0
70,0.3472824125983904,0.5584216549733791,0.1111111111111111,1.0
71,0.3472824125983904,0.5584216549733791,0.1111111111111111,1.0
72,0.3472824125983904,0.5584216549733791,0.1111111111111111,1.0
73,0.3472824125983904,0.5584216549733791,0.1111111111111111,1.0
74,0.3472824125983904,0.5584216549733791,0.1111111111111111,1.0
75,0.34883852624673367,0.5555480917549883,0.1111111111111111,1.0
76,0.34883852624673367,0.5555480917549883,0.1111111111111111,1.0
77,0.34883852624673367,0.5555480917549883,0.1111111111111111,1.0
78,0.3489446842306061,0.5526745285365976,0.1111111111111111,1.0
79,0.3489446842306061,0.5526745285365976,0.1111111111111111,1.0
80,0.3489446842306061,0.5526745285365976,0.1111111111111111,1.0
81,0.3489446842306061,0.5526745285365976,0.1111111111111111,1.0
82,0.3489446842306061,0.5526745285365976,0.1111111111111111,1.0
83,0.3489446842306061,0.5526745285365976,0.1111111111111111,1.0
84,0.3489446842306061,0.5526745285365976,0.1111111111111111,1.0
85,0.3489446842306061,0.5526745285365976,0.1111111111111111,1.0
86,0.3511090878304902,0.5503756779618849,0.1111111111111111,1.0
87,0.3511090878304902,0.5503756779618849,0.1111111111111111,1.0
88,0.3511090878304902,0.5503756779618849,0.1111111111111111,1.0
89,0.3511090878304902,0.5503756779618849,0.1111111111111111,1.0
90,0.3511090878304902,0.5503756779618849,0.1111111111111111,1.0
91,0.3511090878304902,0.5503756779618849,0.1111111111111111,1.0
92,0.3511090878304902,0.5503756779618849,0.1111111111111111,1.0
93,0.3511090878304902,0.5503756779618849,0.1111111111111111,1.0
94,0.3511090878304902,0.5503756779618849,0.1111111111111111,1.0
95,0.3524743701507051,0.54933074588247,0.09090909090909091,1.0
96,0.3524743701507051,0.54933074588247,0.09090909090909091,1.0
97,0.3524743701507051,0.54933074588247,0.09090909090909091,1.0
98,0.35369837023660944,0.5470318953077574,0.09090909090909091,1.0
99,0.35369837023660944,0.5470318953077574,0.09090909090909091,1.0
100,0.35369837023660944,0.5470318953077574,0.09090909090909091,1.0
101,0.35369837023660944,0.5470318953077574,0.09090909090909091,1.0
102,0.35369837023660944,0.5470318953077574,0.09090909090909091,1.0
103,0.35369837023660944,0.5470318953077574,0.09090909090909091,1.0
104,0.35369837023660944,0.5470318953077574,0.09090909090909091,1.0
105,0.35369837023660944,0.5470318953077574,0.09090909090909091,1.0
106,0.35369837023660944,0.5470318953077574,0.09090909090909091,1.0
107,0.35369837023660944,0.5470318953077574,0.09090909090909091,1.0
108,0.35369837023660944,0.5470318953077574,0.09090909090909091,1.0
109,0.35369837023660944,0.5470318953077574,0.09090909090909091,1.0
110,0.35369837023660944,0.5470318953077574,0.09090909090909091,1.0
111,0.35369837023660944,0.5470318953077574,0.09090909090909091,1.0
112,0.35369837023660944,0.5470318953077574,0.09090909090909091,1.0
113,0.35369837023660944,0.5470318953077574,0.09090909090909091,1.0
114,0.35369837023660944,0.5470318953077574,0.09090909090909091,1.0
115,0.35369837023660944,0.5470318953077574,0.09090909090909091,1.0
116,0.3551358620498646,0.5459869632283426,0.06060606060606061,1.0
117,0.3551358620498646,0.5459869632283426,0.06060606060606061,1.0
118,0.3551358620498646,0.5459869632283426,0.06060606060606061,1.0
119,0.357248848187751,0.5431134000099518,0.06060606060606061,1.0
120,0.357248848187751,0.5431134000099518,0.06060606060606061,1.0
121,0.357248848187751,0.5431134000099518,0.06060606060606061,1.0
122,0.36015009565938905,0.5396651241478828,0.06060606060606061,1.0
123,0.36015009565938905,0.5396651241478828,0.06060606060606061,1.0
124,0.36015009565938905,0.5396651241478828,0.06060606060606061,1.0
125,0.36015009565938905,0.5396651241478828,0.06060606060606061,1.0
126,0.36154372104146515,0.5385156988605264,0.06060606060606061,1.0
127,0.36154372104146515,0.5385156988605264,0.06060606060606061,1.0
128,0.36154372104146515,0.5385156988605264,0.06060606060606061,1.0
129,0.36154372104146515,0.5385156988605264,0.06060606060606061,1.0
130,0.3635404215907947,0.5362168482858137,0.06060606060606061,1.0
131,0.3635404215907947,0.5362168482858137,0.06060606060606061,1.0
132,0.3635404215907947,0.5362168482858137,0.06060606060606061,1.0
133,0.3635404215907947,0.5362168482858137,0.06060606060606061,1.0
134,0.3635404215907947,0.5362168482858137,0.06060606060606061,1.0
135,0.3635404215907947,0.5362168482858137,0.06060606060606061,1.0
136,0.3635404215907947,0.5362168482858137,0.06060606060606061,1.0
137,0.3635404215907947,0.5362168482858137,0.06060606060606061,1.0
138,0.3635404215907947,0.5362168482858137,0.06060606060606061,1.0
139,0.3635404215907947,0.5362168482858137,0.06060606060606061,1.0
140,0.3641657290435731,0.5333432850674229,0.06060606060606061,1.0
141,0.3641657290435731,0.5333432850674229,0.06060606060606061,1.0
142,0.3641657290435731,0.5333432850674229,0.06060606060606061,1.0
143,0.3641657290435731,0.5333432850674229,0.06060606060606061,1.0
144,0.3641657290435731,0.5333432850674229,0.06060606060606061,1.0
145,0.3641657290435731,0.5333432850674229,0.06060606060606061,1.0
146,0.3641657290435731,0.5333432850674229,0.06060606060606061,1.0
147,0.3641657290435731,0.5333432850674229,0.06060606060606061,1.0
148,0.3641657290435731,0.5333432850674229,0.06060606060606061,1.0
149,0.3641657290435731,0.5333432850674229,0.06060606060606061,1.0
150,0.3641657290435731,0.5333432850674229,0.06060606060606061,1.0
151,0.3641657290435731,0.5333432850674229,0.06060606060606061,1.0
152,0.36931482542524824,0.5295118674429019,0.0,1.0
153,0.36931482542524824,0.5295118674429019,0.0,1.0
154,0.36931482542524824,0.5295118674429019,0.0,1.0
155,0.36931482542524824,0.5295118674429019,0.0,1.0
156,0.36931482542524824,0.5295118674429019,0.0,1.0
157,0.36931482542524824,0.5295118674429019,0.0,1.0
158,0.36931482542524824,0.5295118674429019,0.0,1.0
159,0.36931482542524824,0.5295118674429019,0.0,1.0
160,0.36931482542524824,0.5295118674429019,0.0,1.0
161,0.36931482542524824,0.5295118674429019,0.0,1.0
162,0.36931482542524824,0.5295118674429019,0.0,1.0
163,0.36931482542524824,0.5295118674429019,0.0,1.0
164,0.36931482542524824,0.5295118674429019,0.0,1.0
165,0.37163934279694194,0.5272130168681892,0.0,1.0
166,0.37163934279694194,0.5272130168681892,0.0,1.0
167,0.37163934279694194,0.5272130168681892,0.0,1.0
168,0.37163934279694194,0.5272130168681892,0.0,1.0
169,0.37163934279694194,0.5272130168681892,0.0,1.0
170,0.37163934279694194,0.5272130168681892,0.0,1.0
171,0.37163934279694194,0.5272130168681892,0.0,1.0
172,0.37163934279694194,0.5272130168681892,0.0,1.0
173,0.368007290741563,0.5214658904314076,0.0,1.0
174,0.368007290741563,0.5214658904314076,0.0,1.0
175,0.368007290741563,0.5214658904314076,0.0,1.0
176,0.368007290741563,0.5214658904314076,0.0,1.0
177,0.368007290741563,0.5214658904314076,0.0,1.0
178,0.368007290741563,0.5214658904314076,0.0,1.0
179,0.36941353579111497,0.5176344728068865,0.0,1.0
180,0.3589051191410015,0.5061402199333233,0.0,1.0
181,0.3695823487680233,0.5138030551823655,0.0,1.0
182,0.3695823487680233,0.5138030551823655,0.0,1.0
183,0.3695823487680233,0.5138030551823655,0.0,1.0
184,0.3695823487680233,0.5138030551823655,0.0,1.0
185,0.3695823487680233,0.5138030551823655,0.0,1.0
186,0.35895182463898506,0.5023088023088023,0.0,1.0
187,0.3695823487680233,0.5138030551823655,0.0,1.0
188,0.3695823487680233,0.5138030551823655,0.0,1.0
189,0.3695823487680233,0.5138030551823655,0.0,1.0
190,0.3695823487680233,0.5138030551823655,0.0,1.0
191,0.3695823487680233,0.5138030551823655,0.0,1.0
192,0.3695823487680233,0.5138030551823655,0.0,1.0
193,0.3695823487680233,0.5138030551823655,0.0,1.0
194,0.3695823487680233,0.5138030551823655,0.0,1.0
195,0.3695823487680233,0.5138030551823655,0.0,1.0
196,0.3695823487680233,0.5138030551823655,0.0,1.0
197,0.3607239588999561,0.5000099517340896,0.0,1.0
198,0.3713774483880012,0.5115042046076528,0.0,1.0
199,0.3713774483880012,0.5115042046076528,0.0,1.0
200,0.3713774483880012,0.5115042046076528,0.0,1.0
201,0.3713774483880012,0.5115042046076528,0.0,1.0
202,0.3713774483880012,0.5115042046076528,0.0,1.0
203,0.3713774483880012,0.5115042046076528,0.0,1.0
204,0.37615977605829853,0.5057570781708712,0.0,1.0
205,0.37615977605829853,0.5057570781708712,0.0,1.0
206,0.37615977605829853,0.5057570781708712,0.0,1.0
207,0.37615977605829853,0.5057570781708712,0.0,1.0
208,0.37615977605829853,0.5057570781708712,0.0,1.0
209,0.37914909472704067,0.5028835149524804,0.0,1.0
210,0.37914909472704067,0.5028835149524804,0.0,1.0
211,0.37914909472704067,0.5028835149524804,0.0,1.0
212,0.37914909472704067,0.5028835149524804,0.0,1.0
213,0.37914909472704067,0.5028835149524804,0.0,1.0
214,0.37914909472704067,0.5028835149524804,0.0,1.0
215,0.37914909472704067,0.5028835149524804,0.0,1.0
216,0.37914909472704067,0.5028835149524804,0.0,1.0
217,0.37914909472704067,0.5028835149524804,0.0,1.0
218,0.37914909472704067,0.5028835149524804,0.0,1.0
219,0.37914909472704067,0.5028835149524804,0.0,1.0
220,0.38021905717823345,0.501446733343285,0.0,1.0
221,0.38021905717823345,0.501446733343285,0.0,1.0
222,0.3825264407126759,0.497615315718764,0.0,1.0
223,0.3825264407126759,0.497615315718764,0.0,1.0
224,0.3825264407126759,0.497615315718764,0.0,1.0
225,0.3825264407126759,0.497615315718764,0.0,1.0
226,0.3825264407126759,0.497615315718764,0.0,1.0
227,0.3825264407126759,0.497615315718764,0.0,1.0
228,0.3825264407126759,0.497615315718764,0.0,1.0
229,0.3825264407126759,0.497615315718764,0.0,1.0
230,0.38363287392448425,0.49378389809424295,0.0,1.0
231,0.3727637794220234,0.4822896452206797,0.0,1.0
232,0.3727637794220234,0.4822896452206797,0.0,1.0
233,0.3727637794220234,0.4822896452206797,0.0,1.0
234,0.3727637794220234,0.4822896452206797,0.0,1.0
235,0.37404679598037927,0.46696397472259543,0.0,1.0
236,0.37404679598037927,0.46696397472259543,0.0,1.0
237,0.37404679598037927,0.46696397472259543,0.0,1.0
238,0.37404679598037927,0.46696397472259543,0.0,1.0
239,0.37404679598037927,0.46696397472259543,0.0,1.0
240,0.37404679598037927,0.46696397472259543,0.0,1.0
241,0.37404679598037927,0.46696397472259543,0.0,1.0
242,0.36921506252907427,0.4324812161019058,0.0,1.0
243,0.3667740353701848,0.4612168482858139,0.0,1.0
244,0.37404679598037927,0.46696397472259543,0.0,1.0
245,0.37404679598037927,0.46696397472259543,0.0,1.0
246,0.37404679598037927,0.46696397472259543,0.0,1.0
247,0.37404679598037927,0.46696397472259543,0.0,1.0
248,0.37404679598037927,0.46696397472259543,0.0,1.0
249,0.37674653702621264,0.46409041150420466,0.0,1.0
250,0.37674653702621264,0.46409041150420466,0.0,1.0
251,0.37674653702621264,0.46409041150420466,0.0,1.0
252,0.37674653702621264,0.46409041150420466,0.0,1.0
253,0.37674653702621264,0.46409041150420466,0.0,1.0
254,0.37794596077963516,0.4629409862168483,0.0,1.0
255,0.37794596077963516,0.4629409862168483,0.0,1.0
256,0.36590633708419595,0.45144673334328506,0.0,1.0
257,0.36590633708419595,0.45144673334328506,0.0,1.0
258,0.36590633708419595,0.45144673334328506,0.0,1.0
259,0.36590633708419595,0.45144673334328506,0.0,1.0
260,0.3553125749037388,0.4428260436881127,0.0,1.0
261,0.36590633708419595,0.45144673334328506,0.0,1.0
262,0.36590633708419595,0.45144673334328506,0.0,1.0
263,0.36370751966536236,0.4456996069065035,0.0,1.0
264,0.36370751966536236,0.4456996069065035,0.0,1.0
265,0.36427385108340915,0.4428260436881127,0.0,1.0
266,0.36427385108340915,0.4428260436881127,0.0,1.0
267,0.36427385108340915,0.4428260436881127,0.0,1.0
268,0.36427385108340915,0.4428260436881127,0.0,1.0
269,0.3510851885636937,0.4313317908145494,0.0,1.0
270,0.3510851885636937,0.4313317908145494,0.0,1.0
271,0.3510851885636937,0.4313317908145494,0.0,1.0
272,0.3510851885636937,0.4313317908145494,0.0,1.0
273,0.3510851885636937,0.4313317908145494,0.0,1.0
274,0.3510851885636937,0.4313317908145494,0.0,1.0
275,0.3510851885636937,0.4313317908145494,0.0,1.0
276,0.3510851885636937,0.4313317908145494,0.0,1.0
277,0.34855274482280735,0.41983753794098616,0.0,1.0
278,0.34311870615831036,0.414911429566602,0.0,1.0
279,0.34311870615831036,0.414911429566602,0.0,1.0
280,0.34311870615831036,0.414911429566602,0.0,1.0
281,0.34311870615831036,0.414911429566602,0.0,1.0
282,0.34311870615831036,0.414911429566602,0.0,1.0
283,0.34632873005503195,0.41203786634821116,0.0,1.0
284,0.34632873005503195,0.41203786634821116,0.0,1.0
285,0.34632873005503195,0.41203786634821116,0.0,1.0
286,0.34632873005503195,0.41203786634821116,0.0,1.0
287,0.34632873005503195,0.41203786634821116,0.0,1.0
288,0.34632873005503195,0.41203786634821116,0.0,1.0
289,0.34632873005503195,0.41203786634821116,0.0,1.0
290,0.34632873005503195,0.41203786634821116,0.0,1.0
291,0.34632873005503195,0.41203786634821116,0.0,1.0
292,0.34632873005503195,0.41203786634821116,0.0,1.0
293,0.34632873005503195,0.41203786634821116,0.0,1.0
294,0.34632873005503195,0.41203786634821116,0.0,1.0
295,0.34632873005503195,0.41203786634821116,0.0,1.0
296,0.34632873005503195,0.41203786634821116,0.0,1.0
297,0.34632873005503195,0.41203786634821116,0.0,1.0
298,0.34632873005503195,0.41203786634821116,0.0,1.0
299,0.34632873005503195,0.41203786634821116,0.0,1.0
300,0.3313244761042739,0.40054361347464795,0.0,1.0
301,0.34632873005503195,0.41203786634821116,0.0,1.0
302,0.34632873005503195,0.41203786634821116,0.0,1.0
303,0.34632873005503195,0.41203786634821116,0.0,1.0
304,0.34632873005503195,0.41203786634821116,0.0,1.0
305,0.34632873005503195,0.41203786634821116,0.0,1.0
306,0.34632873005503195,0.41203786634821116,0.0,1.0
307,0.3374935472827904,0.40629073991142955,0.0,1.0
308,0.3374935472827904,0.40629073991142955,0.0,1.0
309,0.3374935472827904,0.40629073991142955,0.0,1.0
310,0.3374935472827904,0.40629073991142955,0.0,1.0
311,0.3374935472827904,0.40629073991142955,0.0,1.0
312,0.3374935472827904,0.40629073991142955,0.0,1.0
313,0.3374935472827904,0.40629073991142955,0.0,1.0
314,0.3374935472827904,0.40629073991142955,0.0,1.0
315,0.3374935472827904,0.40629073991142955,0.0,1.0
316,0.33845371811527397,0.4048539583022341,0.0,1.0
317,0.33845371811527397,0.4048539583022341,0.0,1.0
318,0.33845371811527397,0.4048539583022341,0.0,1.0
319,0.33845371811527397,0.4048539583022341,0.0,1.0
320,0.33845371811527397,0.4048539583022341,0.0,1.0
321,0.33845371811527397,0.4048539583022341,0.0,1.0
322,0.33845371811527397,0.4048539583022341,0.0,1.0
323,0.33845371811527397,0.4048539583022341,0.0,1.0
324,0.33845371811527397,0.4048539583022341,0.0,1.0
325,0.33845371811527397,0.4048539583022341,0.0,1.0
326,0.33845371811527397,0.4048539583022341,0.0,1.0
327,0.33845371811527397,0.4048539583022341,0.0,1.0
328,0.3412126764912198,0.40102254067771304,0.0,1.0
329,0.3412126764912198,0.40102254067771304,0.0,1.0
330,0.32845888167740017,0.39240185102254066,0.0,1.0
331,0.32845888167740017,0.39240185102254066,0.0,1.0
332,0.32845888167740017,0.39240185102254066,0.0,1.0
333,0.31459200210646454,0.357919092401851,0.0,1.0
334,0.32845888167740017,0.39240185102254066,0.0,1.0
335,0.32845888167740017,0.39240185102254066,0.0,1.0
336,0.32845888167740017,0.39240185102254066,0.0,1.0
337,0.32845888167740017,0.39240185102254066,0.0,1.0
338,0.32845888167740017,0.39240185102254066,0.0,1.0
339,0.32845888167740017,0.39240185102254066,0.0,1.0
340,0.32845888167740017,0.39240185102254066,0.0,1.0
341,0.32845888167740017,0.39240185102254066,0.0,1.0
342,0.32845888167740017,0.39240185102254066,0.0,1.0
343,0.32845888167740017,0.39240185102254066,0.0,1.0
344,0.32845888167740017,0.39240185102254066,0.0,1.0
345,0.32195454358468234,0.38378116136736823,0.0,1.0
346,0.31619536542443827,0.37698910285117176,0.0,1.0
347,0.31619536542443827,0.37698910285117176,0.0,1.0
348,0.31698395620025654,0.37411553963278094,0.0,1.0
349,0.31698395620025654,0.37411553963278094,0.0,1.0
350,0.31698395620025654,0.37411553963278094,0.0,1.0
351,0.31698395620025654,0.37411553963278094,0.0,1.0
352,0.31698395620025654,0.37411553963278094,0.0,1.0
353,0.31698395620025654,0.37411553963278094,0.0,1.0
354,0.31698395620025654,0.37411553963278094,0.0,1.0
355,0.31698395620025654,0.37411553963278094,0.0,1.0
356,0.31698395620025654,0.37411553963278094,0.0,1.0
357,0.31698395620025654,0.37411553963278094,0.0,1.0
358,0.31698395620025654,0.37411553963278094,0.0,1.0
359,0.31698395620025654,0.37411553963278094,0.0,1.0
360,0.3181638097925678,0.3702841220082599,0.0,1.0
361,0.3196753718042258,0.3679852714335473,0.0,1.0
362,0.3216566340441006,0.3656864208588346,0.0,1.0
363,0.3036308673106799,0.35419216798527137,0.0,1.0
364,0.3216566340441006,0.3656864208588346,0.0,1.0
365,0.3216566340441006,0.3656864208588346,0.0,1.0
366,0.3216566340441006,0.3656864208588346,0.0,1.0
367,0.3216566340441006,0.3656864208588346,0.0,1.0
368,0.3216566340441006,0.3656864208588346,0.0,1.0
369,0.3216566340441006,0.3656864208588346,0.0,1.0
370,0.3216566340441006,0.3656864208588346,0.0,1.0
371,0.3216566340441006,0.3656864208588346,0.0,1.0
372,0.3216566340441006,0.3656864208588346,0.0,1.0
373,0.3216566340441006,0.3656864208588346,0.0,1.0
374,0.3216566340441006,0.3656864208588346,0.0,1.0
375,0.3216566340441006,0.3656864208588346,0.0,1.0
376,0.321278237464033,0.35706573120366225,0.0,1.0
377,0.32804905210146146,0.34557147833009905,0.0,1.0
378,0.32804905210146146,0.34557147833009905,0.0,1.0
379,0.32804905210146146,0.34557147833009905,0.0,1.0
380,0.32804905210146146,0.34557147833009905,0.0,1.0
381,0.32804905210146146,0.34557147833009905,0.0,1.0
382,0.32804905210146146,0.34557147833009905,0.0,1.0
383,0.32804905210146146,0.34557147833009905,0.0,1.0
384,0.32804905210146146,0.34557147833009905,0.0,1.0
385,0.32804905210146146,0.34557147833009905,0.0,1.0
386,0.3291178418686865,0.3444220530427427,0.0,1.0
387,0.3291178418686865,0.3444220530427427,0.0,1.0
388,0.3291178418686865,0.3444220530427427,0.0,1.0
389,0.3291178418686865,0.3444220530427427,0.0,1.0
390,0.3291178418686865,0.3444220530427427,0.0,1.0
391,0.3291178418686865,0.3444220530427427,0.0,1.0
392,0.3291178418686865,0.3444220530427427,0.0,1.0
393,0.33001129317753486,0.34298527143354735,0.0,1.0
394,0.33001129317753486,0.34298527143354735,0.0,1.0
395,0.33001129317753486,0.34298527143354735,0.0,1.0
396,0.33001129317753486,0.34298527143354735,0.0,1.0
397,0.33001129317753486,0.34298527143354735,0.0,1.0
398,0.33001129317753486,0.34298527143354735,0.0,1.0
399,0.33001129317753486,0.34298527143354735,0.0,1.0
400,0.33108319983635887,0.3415484898243519,0.0,1.0
401,0.33108319983635887,0.3415484898243519,0.0,1.0
402,0.33108319983635887,0.3415484898243519,0.0,1.0
403,0.33108319983635887,0.3415484898243519,0.0,1.0
404,0.33108319983635887,0.3415484898243519,0.0,1.0
405,0.33108319983635887,0.3415484898243519,0.0,1.0
406,0.33108319983635887,0.3415484898243519,0.0,1.0
407,0.33108319983635887,0.3415484898243519,0.0,1.0
408,0.33108319983635887,0.3415484898243519,0.0,1.0
409,0.33108319983635887,0.3415484898243519,0.0,1.0
410,0.33108319983635887,0.3415484898243519,0.0,1.0
411,0.33108319983635887,0.3415484898243519,0.0,1.0
412,0.33108319983635887,0.3415484898243519,0.0,1.0
413,0.3126820844395461,0.3300542369507887,0.0,1.0
414,0.33108319983635887,0.3415484898243519,0.0,1.0
415,0.3331498644050928,0.3377170721998308,0.0,1.0
416,0.3331498644050928,0.3377170721998308,0.0,1.0
417,0.3331498644050928,0.3377170721998308,0.0,1.0
418,0.3331498644050928,0.3377170721998308,0.0,1.0
419,0.3331498644050928,0.3377170721998308,0.0,1.0
420,0.3331498644050928,0.3377170721998308,0.0,1.0
421,0.3331498644050928,0.3377170721998308,0.0,1.0
422,0.3331498644050928,0.3377170721998308,0.0,1.0
423,0.3331498644050928,0.3377170721998308,0.0,1.0
424,0.3331498644050928,0.3377170721998308,0.0,1.0
425,0.3331498644050928,0.3377170721998308,0.0,1.0
426,0.3331498644050928,0.3377170721998308,0.0,1.0
427,0.33647140328884356,0.3338856545753098,0.0,1.0
428,0.33647140328884356,0.3338856545753098,0.0,1.0
429,0.33647140328884356,0.3338856545753098,0.0,1.0
430,0.33647140328884356,0.3338856545753098,0.0,1.0
431,0.33647140328884356,0.3338856545753098,0.0,1.0
432,0.33647140328884356,0.3338856545753098,0.0,1.0
433,0.33647140328884356,0.3338856545753098,0.0,1.0
434,0.31809520192613744,0.3223914017017465,0.0,1.0
435,0.31809520192613744,0.3223914017017465,0.0,1.0
436,0.31809520192613744,0.3223914017017465,0.0,1.0
437,0.32138310201521436,0.31855998407722547,0.0,1.0
438,0.32138310201521436,0.31855998407722547,0.0,1.0
439,0.32138310201521436,0.31855998407722547,0.0,1.0
440,0.32138310201521436,0.31855998407722547,0.0,1.0
441,0.32138310201521436,0.31855998407722547,0.0,1.0
442,0.32138310201521436,0.31855998407722547,0.0,1.0
443,0.32138310201521436,0.31855998407722547,0.0,1.0
444,0.32138310201521436,0.31855998407722547,0.0,1.0
445,0.32138310201521436,0.31855998407722547,0.0,1.0
446,0.32138310201521436,0.31855998407722547,0.0,1.0
447,0.32138310201521436,0.31855998407722547,0.0,1.0
448,0.32138310201521436,0.31855998407722547,0.0,1.0
449,0.32138310201521436,0.31855998407722547,0.0,1.0
450,0.32138310201521436,0.31855998407722547,0.0,1.0
451,0.32138310201521436,0.31855998407722547,0.0,1.0
452,0.32138310201521436,0.31855998407722547,0.0,1.0
453,0.32138310201521436,0.31855998407722547,0.0,1.0
454,0.32138310201521436,0.31855998407722547,0.0,1.0
455,0.32138310201521436,0.31855998407722547,0.0,1.0
456,0.32138310201521436,0.31855998407722547,0.0,1.0
457,0.3267518469336983,0.3070657312036622,0.0,1.0
458,0.3267518469336983,0.3070657312036622,0.0,1.0
459,0.3267518469336983,0.3070657312036622,0.0,1.0
460,0.3267518469336983,0.3070657312036622,0.0,1.0
461,0.3267518469336983,0.3070657312036622,0.0,1.0
462,0.3267518469336983,0.3070657312036622,0.0,1.0
463,0.3267518469336983,0.3070657312036622,0.0,1.0
464,0.32776495083339735,0.3047668806289496,0.0,1.0
465,0.32776495083339735,0.3047668806289496,0.0,1.0
466,0.32940961188279244,0.30093546300442847,0.0,1.0
467,0.32940961188279244,0.30093546300442847,0.0,1.0
468,0.32940961188279244,0.30093546300442847,0.0,1.0
469,0.32940961188279244,0.30093546300442847,0.0,1.0
470,0.3298524319431139,0.29929342687963373,0.0,1.0
471,0.3298524319431139,0.29929342687963373,0.0,1.0
472,0.3298524319431139,0.29929342687963373,0.0,1.0
473,0.3298524319431139,0.29929342687963373,0.0,1.0
474,0.3305313082139707,0.29765139075483904,0.0,1.0
475,0.3305313082139707,0.29765139075483904,0.0,1.0
476,0.3305313082139707,0.29765139075483904,0.0,1.0
477,0.3305313082139707,0.29765139075483904,0.0,1.0
478,0.3305313082139707,0.29765139075483904,0.0,1.0
479,0.3305313082139707,0.29765139075483904,0.0,1.0
480,0.3305061094780869,0.2953525401801264,0.0,1.0
481,0.3305061094780869,0.2953525401801264,0.0,1.0
482,0.3305061094780869,0.2953525401801264,0.0,1.0
483,0.3305061094780869,0.2953525401801264,0.0,1.0
484,0.3305061094780869,0.2953525401801264,0.0,1.0
485,0.3305061094780869,0.2953525401801264,0.0,1.0
486,0.3305061094780869,0.2953525401801264,0.0,1.0
487,0.3305061094780869,0.2953525401801264,0.0,1.0
488,0.3305061094780869,0.2953525401801264,0.0,1.0
489,0.3305061094780869,0.2953525401801264,0.0,1.0
490,0.3305061094780869,0.2953525401801264,0.0,1.0
491,0.3252256701749949,0.28960541374334475,0.0,1.0
492,0.3252256701749949,0.28960541374334475,0.0,1.0
493,0.3252256701749949,0.28960541374334475,0.0,1.0
494,0.3252256701749949,0.28960541374334475,0.0,1.0
495,0.3252256701749949,0.28960541374334475,0.0,1.0
496,0.3252256701749949,0.28960541374334475,0.0,1.0
497,0.32671543948628434,0.286731850524954,0.0,1.0
498,0.32671543948628434,0.286731850524954,0.0,1.0
499,0.32671543948628434,0.286731850524954,0.0,1.0
500,0.32671543948628434,0.286731850524954,0.0,1.0
501,0.32671543948628434,0.286731850524954,0.0,1.0
502,0.32671543948628434,0.286731850524954,0.0,1.0
503,0.32671543948628434,0.286731850524954,0.0,1.0
504,0.32671543948628434,0.286731850524954,0.0,1.0
505,0.32671543948628434,0.286731850524954,0.0,1.0
506,0.32671543948628434,0.286731850524954,0.0,1.0
507,0.32671543948628434,0.286731850524954,0.0,1.0
508,0.32671543948628434,0.286731850524954,0.0,1.0
509,0.32671543948628434,0.286731850524954,0.0,1.0
510,0.32671543948628434,0.286731850524954,0.0,1.0
511,0.32671543948628434,0.286731850524954,0.0,1.0
512,0.32671543948628434,0.286731850524954,0.0,1.0
513,0.32671543948628434,0.286731850524954,0.0,1.0
514,0.32671543948628434,0.286731850524954,0.0,1.0
515,0.32671543948628434,0.286731850524954,0.0,1.0
516,0.32671543948628434,0.286731850524954,0.0,1.0
517,0.32671543948628434,0.286731850524954,0.0,1.0
518,0.32741576621729584,0.28385828730656315,0.0,1.0
519,0.32741576621729584,0.28385828730656315,0.0,1.0
520,0.32741576621729584,0.28385828730656315,0.0,1.0
521,0.32741576621729584,0.28385828730656315,0.0,1.0
522,0.32741576621729584,0.28385828730656315,0.0,1.0
523,0.32741576621729584,0.28385828730656315,0.0,1.0
524,0.32741576621729584,0.28385828730656315,0.0,1.0
525,0.32741576621729584,0.28385828730656315,0.0,1.0
526,0.32741576621729584,0.28385828730656315,0.0,1.0
527,0.32741576621729584,0.28385828730656315,0.0,1.0
528,0.32741576621729584,0.28385828730656315,0.0,1.0
529,0.32741576621729584,0.28385828730656315,0.0,1.0
530,0.32741576621729584,0.28385828730656315,0.0,1.0
531,0.32525924589919136,0.275812310295069,0.0,1.0
532,0.3255616445956684,0.2735134597203563,0.0,1.0
533,0.3255616445956684,0.2735134597203563,0.0,1.0
534,0.3255616445956684,0.2735134597203563,0.0,1.0
535,0.3255616445956684,0.2735134597203563,0.0,1.0
536,0.3255616445956684,0.2735134597203563,0.0,1.0
537,0.3255616445956684,0.2735134597203563,0.0,1.0
538,0.3294927010647147,0.2648927700651839,0.0,1.0
539,0.3294927010647147,0.2648927700651839,0.0,1.0
540,0.3306738124922341,0.26259391949047123,0.0,1.0
541,0.3218008828421684,0.25109966661690797,0.0,1.0
542,0.3218008828421684,0.25109966661690797,0.0,1.0
543,0.3218008828421684,0.25109966661690797,0.0,1.0
544,0.3218008828421684,0.25109966661690797,0.0,1.0
545,0.3218008828421684,0.25109966661690797,0.0,1.0
546,0.3218008828421684,0.25109966661690797,0.0,1.0
547,0.3218008828421684,0.25109966661690797,0.0,1.0
548,0.3218008828421684,0.25109966661690797,0.0,1.0
549,0.3218008828421684,0.25109966661690797,0.0,1.0
550,0.3218008828421684,0.25109966661690797,0.0,1.0
551,0.31866999136597035,0.24535254018012637,0.0,1.0
552,0.31866999136597035,0.24535254018012637,0.0,1.0
553,0.31866999136597035,0.24535254018012637,0.0,1.0
554,0.31866999136597035,0.24535254018012637,0.0,1.0
555,0.31866999136597035,0.24535254018012637,0.0,1.0
556,0.31866999136597035,0.24535254018012637,0.0,1.0
557,0.31866999136597035,0.24535254018012637,0.0,1.0
558,0.31866999136597035,0.24535254018012637,0.0,1.0
559,0.31866999136597035,0.24535254018012637,0.0,1.0
560,0.31866999136597035,0.24535254018012637,0.0,1.0
561,0.31866999136597035,0.24535254018012637,0.0,1.0
562,0.31866999136597035,0.24535254018012637,0.0,1.0
563,0.31866999136597035,0.24535254018012637,0.0,1.0
564,0.31866999136597035,0.24535254018012637,0.0,1.0
565,0.31866999136597035,0.24535254018012637,0.0,1.0
566,0.31866999136597035,0.24535254018012637,0.0,1.0
567,0.31866999136597035,0.24535254018012637,0.0,1.0
568,0.31866999136597035,0.24535254018012637,0.0,1.0
569,0.31866999136597035,0.24535254018012637,0.0,1.0
570,0.31866999136597035,0.24535254018012637,0.0,1.0
571,0.31866999136597035,0.24535254018012637,0.0,1.0
572,0.31866999136597035,0.24535254018012637,0.0,1.0
573,0.31866999136597035,0.24535254018012637,0.0,1.0
574,0.31866999136597035,0.24535254018012637,0.0,1.0
575,0.31866999136597035,0.24535254018012637,0.0,1.0
576,0.31866999136597035,0.24535254018012637,0.0,1.0
577,0.3197455940223055,0.24305368960541374,0.0,1.0
578,0.3197455940223055,0.24305368960541374,0.0,1.0
579,0.3197455940223055,0.24305368960541374,0.0,1.0
580,0.3197455940223055,0.24305368960541374,0.0,1.0
581,0.3197455940223055,0.24305368960541374,0.0,1.0
582,0.3197455940223055,0.24305368960541374,0.0,1.0
583,0.3197455940223055,0.24305368960541374,0.0,1.0
584,0.3197455940223055,0.24305368960541374,0.0,1.0
585,0.3197455940223055,0.24305368960541374,0.0,1.0
586,0.3197455940223055,0.24305368960541374,0.0,1.0
587,0.3197455940223055,0.24305368960541374,0.0,1.0
588,0.3197455940223055,0.24305368960541374,0.0,1.0
589,0.3197455940223055,0.24305368960541374,0.0,1.0
590,0.3197455940223055,0.24305368960541374,0.0,1.0
591,0.3197455940223055,0.24305368960541374,0.0,1.0
592,0.3197455940223055,0.24305368960541374,0.0,1.0
593,0.3197455940223055,0.24305368960541374,0.0,1.0
594,0.3197455940223055,0.24305368960541374,0.0,1.0
595,0.3212949420799027,0.2407548390307011,0.0,1.0
596,0.3212949420799027,0.2407548390307011,0.0,1.0
597,0.3212949420799027,0.2407548390307011,0.0,1.0
598,0.3212949420799027,0.2407548390307011,0.0,1.0
599,0.3212949420799027,0.2407548390307011,0.0,1.0
